,brief_header,description
% of Rural Population,,
Population_2010,,
Population_2000,,
Population_1990,,
Population_1980,,
Population_1970,,
Housing_2010,,
Housing_2000,,
Housing_1990,,
Housing_1980,,
Housing_1970,,
latitude,,
longitude,,
Avg_Dist,,
Land/sq.mi,,
Popul_Dens,,
Hous_Dens,,
Pop%00-10,,
Pop%90-00,,
Hous%80-90,,
Hous%00-10,,
Hous%90-00,,
Pop%80-90,,
Houses_sold_2007,,
Houses_sold_2008,,
Houses_sold_2009,,
Houses_sold_2010,,
Houses_sold_2011,,
Houses_sold_2012,,
Houses_sold_2013,,
Houses_sold_2014,,
Houses_sold_2015,,
Houses_sold_2016,,
Median_Price_2007,,
Median_Price_2008,,
Median_Price_2009,,
Median_Price_2010,,
Median_Price_2011,,
Median_Price_2012,,
Median_Price_2013,,
Median_Price_2014,,
Median_Price_2015,,
Median_Price_2016,,
farms_number_2012,,
farms_number_2007,,
land_in_farms_acres_2012,,
land_in_farms_acres_2007,,
average_size_of_farm_acres_2012,,
average_size_of_farm_acres_2007,,
estimated_market_value_of_land_and_buildings_farms_2012,,
estimated_market_value_of_land_and_buildings_farms_2007,,
1000_2012,,
1000_2007,,
average_per_farm_dollars_2012,,
average_per_farm_dollars_2007,,
average_per_acre_dollars_2012,,
average_per_acre_dollars_2007,,
2012_farms_by_value_group_1_to_49999,,
2012_farms_by_value_group_50000_to_99999,,
2012_farms_by_value_group_100000_to_199999,,
2012_farms_by_value_group_200000_to_499999,,
2012_farms_by_value_group_500000_to_999999,,
2012_farms_by_value_group_1000000_to_1999999,,
2012_farms_by_value_group_2000000_to_4999999,,
2012_farms_by_value_group_5000000_to_9999999,,
2012_farms_by_value_group_10000000_or_more,,
approximate_land_area_acres_2012,,
proportion_in_farms_percent_2012,,
2012_size_of_farm_1_to_9_acres_farms,,
2012_size_of_farm_1_to_9_acres_acres,,
2012_size_of_farm_10_to_49_acres_farms,,
2012_size_of_farm_10_to_49_acres_acres,,
2012_size_of_farm_50_to_69_acres_farms,,
2012_size_of_farm_50_to_69_acres_acres,,
2012_size_of_farm_70_to_99_acres_farms,,
2012_size_of_farm_70_to_99_acres_acres,,
2012_size_of_farm_100_to_139_acres_farms,,
2012_size_of_farm_100_to_139_acres_acres,,
2012_size_of_farm_140_to_179_acres_farms,,
2012_size_of_farm_140_to_179_acres_acres,,
2012_size_of_farm_180_to_219_acres_farms,,
2012_size_of_farm_180_to_219_acres_acres,,
2012_size_of_farm_220_to_259_acres_farms,,
2012_size_of_farm_220_to_259_acres_acres,,
2012_size_of_farm_260_to_499_acres_farms,,
2012_size_of_farm_260_to_499_acres_acres,,
2012_size_of_farm_500_to_999_acres_farms,,
2012_size_of_farm_500_to_999_acres_acres,,
2012_size_of_farm_1000_to_1999_acres_farms,,
2012_size_of_farm_1000_to_1999_acres_acres,,
2012_size_of_farm_2000_acres_or_more_farms,,
2012_size_of_farm_2000_acres_or_more_acres,,
2007_size_of_farm_1_to_9_acres_farms,,
2007_size_of_farm_1_to_9_acres_acres,,
2007_size_of_farm_10_to_49_acres_farms,,
2007_size_of_farm_10_to_49_acres_acres,,
2007_size_of_farm_50_to_69_acres_farms,,
2007_size_of_farm_50_to_69_acres_acres,,
2007_size_of_farm_70_to_99_acres_farms,,
2007_size_of_farm_70_to_99_acres_acres,,
2007_size_of_farm_100_to_139_acres_farms,,
2007_size_of_farm_100_to_139_acres_acres,,
2007_size_of_farm_140_to_179_acres_farms,,
2007_size_of_farm_140_to_179_acres_acres,,
2007_size_of_farm_180_to_219_acres_farms,,
2007_size_of_farm_180_to_219_acres_acres,,
2007_size_of_farm_220_to_259_acres_farms,,
2007_size_of_farm_220_to_259_acres_acres,,
2007_size_of_farm_260_to_499_acres_farms,,
2007_size_of_farm_260_to_499_acres_acres,,
2007_size_of_farm_500_to_999_acres_farms,,
2007_size_of_farm_500_to_999_acres_acres,,
2007_size_of_farm_1000_to_1999_acres_farms,,
2007_size_of_farm_1000_to_1999_acres_acres,,
2007_size_of_farm_2000_acres_or_more_farms,,
2007_size_of_farm_2000_acres_or_more_acres,,
total_cropland_farms_2012,,
total_cropland_farms_2007,,
total_cropland_acres_2012,,
total_cropland_acres_2007,,
harvested_cropland_farms_2012,,
harvested_cropland_farms_2007,,
harvested_cropland_acres_2012,,
harvested_cropland_acres_2007,,
improvements_see_text_farms_2012,,
improvements_see_text_farms_2007,,
improvements_see_text_acres_2012,,
improvements_see_text_acres_2007,,
farms_number_2002,,
land_in_farms_acres_2002,,
average_size_of_farm_acres_2002,,
estimated_market_value_of_land_and_buildings_farms_2002,,
1000_2002,,
average_per_farm_dollars_2002,,
average_per_acre_dollars_2002,,
2007_farms_by_value_group_1_to_49999,,
2007_farms_by_value_group_50000_to_99999,,
2007_farms_by_value_group_100000_to_199999,,
2007_farms_by_value_group_200000_to_499999,,
2007_farms_by_value_group_500000_to_999999,,
2007_farms_by_value_group_1000000_to_1999999,,
2007_farms_by_value_group_2000000_to_4999999,,
2007_farms_by_value_group_5000000_to_9999999,,
2007_farms_by_value_group_10000000_or_more,,
approximate_land_area_acres_2007,,
proportion_in_farms_percent_2007,,
2002_size_of_farm_1_to_9_acres_farms,,
2002_size_of_farm_1_to_9_acres_acres,,
2002_size_of_farm_10_to_49_acres_farms,,
2002_size_of_farm_10_to_49_acres_acres,,
2002_size_of_farm_50_to_69_acres_farms,,
2002_size_of_farm_50_to_69_acres_acres,,
2002_size_of_farm_70_to_99_acres_farms,,
2002_size_of_farm_70_to_99_acres_acres,,
2002_size_of_farm_100_to_139_acres_farms,,
2002_size_of_farm_100_to_139_acres_acres,,
2002_size_of_farm_140_to_179_acres_farms,,
2002_size_of_farm_140_to_179_acres_acres,,
2002_size_of_farm_180_to_219_acres_farms,,
2002_size_of_farm_180_to_219_acres_acres,,
2002_size_of_farm_220_to_259_acres_farms,,
2002_size_of_farm_220_to_259_acres_acres,,
2002_size_of_farm_260_to_499_acres_farms,,
2002_size_of_farm_260_to_499_acres_acres,,
2002_size_of_farm_500_to_999_acres_farms,,
2002_size_of_farm_500_to_999_acres_acres,,
2002_size_of_farm_1000_to_1999_acres_farms,,
2002_size_of_farm_1000_to_1999_acres_acres,,
2002_size_of_farm_2000_acres_or_more_farms,,
2002_size_of_farm_2000_acres_or_more_acres,,
total_cropland_farms_2002,,
total_cropland_acres_2002,,
harvested_cropland_farms_2002,,
harvested_cropland_acres_2002,,
cropland_used_only_for_pasture_or_grazing_farms_2007,,
cropland_used_only_for_pasture_or_grazing_farms_2002,,
cropland_used_only_for_pasture_or_grazing_acres_2007,,
cropland_used_only_for_pasture_or_grazing_acres_2002,,
other_cropland_farms_2012,,
other_cropland_farms_2007,,
other_cropland_acres_2012,,
other_cropland_acres_2007,,
not_pastured_or_grazed_farms_2012,,
not_pastured_or_grazed_farms_2007,,
not_pastured_or_grazed_acres_2012,,
not_pastured_or_grazed_acres_2007,,
cropland_on_which_all_crops_failed_farms_2012,,
cropland_on_which_all_crops_failed_farms_2007,,
cropland_on_which_all_crops_failed_acres_2012,,
cropland_on_which_all_crops_failed_acres_2007,,
cropland_in_cultivated_summer_fallow_farms_2012,,
cropland_in_cultivated_summer_fallow_farms_2007,,
cropland_in_cultivated_summer_fallow_acres_2012,,
cropland_in_cultivated_summer_fallow_acres_2007_x,,
total_woodland_farms_2012,,
total_woodland_farms_2007_x,,
total_woodland_acres_2012,,
total_woodland_acres_2007_x,,
woodland_pastured_farms_2012,,
woodland_pastured_farms_2007_x,,
woodland_pastured_acres_2012,,
woodland_pastured_acres_2007_x,,
woodland_not_pastured_farms_2012,,
woodland_not_pastured_farms_2007_x,,
woodland_not_pastured_acres_2012,,
woodland_not_pastured_acres_2007,,
cropland_and_woodland_pastured_see_text_farms_2012,,
cropland_and_woodland_pastured_see_text_farms_2007,,
cropland_and_woodland_pastured_see_text_acres_2012,,
cropland_and_woodland_pastured_see_text_acres_2007,,
facilities_ponds_roads_wasteland_etc_farms_2012,,
facilities_ponds_roads_wasteland_etc_farms_2007,,
facilities_ponds_roads_wasteland_etc_acres_2012,,
facilities_ponds_roads_wasteland_etc_acres_2007,,
pastureland_all_types_farms_2012,,
pastureland_all_types_farms_2007,,
pastureland_all_types_acres_2012,,
pastureland_all_types_acres_2007,,
reserve_enhancement_programs_farms_2012,,
reserve_enhancement_programs_farms_2007,,
reserve_enhancement_programs_acres_2012,,
reserve_enhancement_programs_acres_2007,,
land_enrolled_in_crop_insurance_programs_farms_2012,,
land_enrolled_in_crop_insurance_programs_farms_2007,,
land_enrolled_in_crop_insurance_programs_acres_2012,,
land_enrolled_in_crop_insurance_programs_acres_2007,,
other_cropland_farms_2002,,
other_cropland_acres_2002,,
not_pastured_or_grazed_see_text_farms_2002,,
not_pastured_or_grazed_see_text_acres_2002,,
cropland_on_which_all_crops_failed_farms_2002,,
cropland_on_which_all_crops_failed_acres_2002,,
cropland_in_cultivated_summer_fallow_farms_2002,,
cropland_in_cultivated_summer_fallow_acres_2002,,
total_woodland_farms_2002,,
total_woodland_acres_2002,,
woodland_pastured_farms_2002,,
woodland_pastured_acres_2002,,
